{"LeNet": {"1": 0.5106382966041565, "2": 0.5645161271095276, "3": 0.4909090995788574, "4": 0.3970588147640228, "5": 0.5205479264259338, "6": 0.5283018946647644, "7": 0.5079365372657776, "8": 0.49253731966018677, "9": 0.38596490025520325, "10": 0.4000000059604645}, "VGG19": {"1": 0.3404255211353302, "2": 0.4677419364452362, "3": 0.5090909004211426, "4": 0.30882352590560913, "5": 0.3835616409778595, "6": 0.5094339847564697, "7": 0.4126984179019928, "8": 0.49253731966018677, "9": 0.3333333432674408, "10": 0.3692307770252228}, "VGG16": {"1": 0.42553192377090454, "2": 0.4354838728904724, "3": 0.5090909004211426, "4": 0.3382352888584137, "5": 0.4931506812572479, "6": 0.3396226465702057, "7": 0.3492063581943512, "8": 0.4776119291782379, "9": 0.4385964870452881, "10": 0.3692307770252228}, "InceptionV3": {"1": 0.42553192377090454, "2": 0.11290322244167328, "3": 0.6545454263687134, "4": 0.6323529481887817, "5": 0.6301369667053223, "6": 0.35849055647850037, "7": 0.3492063581943512, "8": 0.746268630027771, "9": 0.42105263471603394, "10": 0.38461539149284363}, "ResNet50": {"1": 0.44680851697921753, "2": 0.4677419364452362, "3": 0.34545454382896423, "4": 0.5, "5": 0.3835616409778595, "6": 0.6037735939025879, "7": 0.0, "8": 0.41791045665740967, "9": 0.5087719559669495, "10": 0.0615384615957737}}