{"LeNet": {"1": 0.6000000238418579, "2": 0.6499999761581421, "3": 0.6865671873092651, "4": 0.7037037014961243, "5": 0.6530612111091614, "6": 0.6811594367027283, "7": 0.7457627058029175, "8": 0.6545454263687134, "9": 0.6307692527770996, "10": 0.6842105388641357}, "VGG19": {"1": 0.5600000023841858, "2": 0.6000000238418579, "3": 0.6567164063453674, "4": 0.5, "5": 0.5510203838348389, "6": 0.5797101259231567, "7": 0.5762711763381958, "8": 0.6909090876579285, "9": 0.7230769395828247, "10": 0.5964912176132202}, "VGG16": {"1": 0.5066666603088379, "2": 0.6499999761581421, "3": 0.5820895433425903, "4": 0.6481481194496155, "5": 0.5306122303009033, "6": 0.5797101259231567, "7": 0.6271186470985413, "8": 0.6181818246841431, "9": 0.5384615659713745, "10": 0.5263158082962036}, "InceptionV3": {"1": 0.6666666865348816, "2": 0.8833333253860474, "3": 0.9253731369972229, "4": 0.9259259104728699, "5": 0.4285714328289032, "6": 0.9420289993286133, "7": 0.7796609997749329, "8": 0.4000000059604645, "9": 0.8461538553237915, "10": 0.9473684430122375}, "ResNet50": {"1": 0.0, "2": 0.0, "3": 0.0, "4": 0.6851851940155029, "6": 0.0, "7": 0.0, "9": 0.0, "10": 0.5087719559669495}}