{"LeNet": {"1": 0.4000000059604645, "2": 0.4333333373069763, "3": 0.5820895433425903, "4": 0.5555555820465088, "5": 0.44897958636283875, "6": 0.47826087474823, "7": 0.5423728823661804, "8": 0.5090909004211426, "9": 0.5538461804389954, "10": 0.3684210479259491}, "VGG19": {"1": 0.36000001430511475, "2": 0.38333332538604736, "5": 0.3265306055545807, "6": 0.37681159377098083, "7": 0.4237288236618042, "8": 0.34545454382896423, "9": 0.4307692348957062, "10": 0.31578946113586426, "3": 0.49253731966018677, "4": 0.40740740299224854}, "VGG16": {"1": 0.4000000059604645, "2": 0.46666666865348816, "3": 0.49253731966018677, "4": 0.48148149251937866, "5": 0.36734694242477417, "6": 0.43478259444236755, "7": 0.508474588394165, "8": 0.4727272689342499, "10": 0.31578946113586426, "9": 0.4000000059604645}, "InceptionV3": {"1": 0.5733333230018616, "2": 0.2666666805744171, "3": 0.7014925479888916, "4": 0.6111111044883728, "5": 0.6122449040412903, "6": 0.6666666865348816, "7": 0.18644067645072937, "8": 0.09090909361839294, "9": 0.20000000298023224, "10": 0.35087719559669495}, "ResNet50": {"1": 0.4266666769981384, "2": 0.5833333134651184, "3": 0.5820895433425903, "4": 0.0, "5": 0.4897959232330322, "6": 0.28985506296157837, "7": 0.4237288236618042, "8": 0.41818180680274963, "9": 0.0, "10": 0.38596490025520325}}