{"LeNet": {"1": 0.5245901346206665, "2": 0.5655737519264221, "3": 0.5245901346206665, "4": 0.5409836173057556, "5": 0.5163934230804443, "6": 0.5655737519264221, "7": 0.5983606576919556, "8": 0.5, "9": 0.5983606576919556, "10": 0.5491803288459778}, "VGG19": {"1": 0.5573770403862, "2": 0.49180328845977783, "3": 0.5409836173057556, "4": 0.5573770403862, "5": 0.4836065471172333, "6": 0.37704917788505554, "7": 0.5737704634666443, "8": 0.4344262182712555, "9": 0.4508196711540222, "10": 0.49180328845977783}, "VGG16": {"1": 0.4262295067310333, "2": 0.5245901346206665, "3": 0.5409836173057556, "4": 0.4754098355770111, "5": 0.4508196711540222, "6": 0.40163934230804443, "7": 0.5, "8": 0.46721312403678894, "9": 0.4590163826942444, "10": 0.5163934230804443}, "InceptionV3": {"1": 0.631147563457489, "2": 0.5573770403862, "3": 0.6639344096183777, "4": 0.5983606576919556, "5": 0.44262295961380005, "6": 0.631147563457489, "7": 0.7459016442298889, "8": 0.23770491778850555, "9": 0.7950819730758667, "10": 0.6147540807723999}, "ResNet50": {"1": 0.016393441706895828, "2": 0.631147563457489, "3": 0.5327869057655334, "4": 0.4836065471172333, "6": 0.5573770403862, "7": 0.35245901346206665, "8": 0.6475409865379333, "10": 0.016393441706895828}}